metric,value
Hit Rate@5,0.028888888888888888
Hit Rate@10,0.035555555555555556
MRR@10,0.01501851851851852
Evaluated Users,450.0
