persona,users,interaction_count,avg_engagement
Budget Explorer,65,3218,7.633008079552517
Campus Connector,49,2415,6.997639751552795
Career Builder,57,2790,7.3831899641577055
Focused Planner,70,3440,6.913308139534883
Minimalist Achiever,45,2181,7.342430077945896
Pop Culture Browser,63,3041,7.130772772114436
Weekend Adventurer,39,1910,6.940094240837697
Wellness Seeker,62,3005,6.975321131447587
